<?xml version="1.0" encoding="UTF-8"?>
<project-private xmlns="http://www.netbeans.org/ns/project-private/1">
    <editor-bookmarks xmlns="http://www.netbeans.org/ns/editor-bookmarks/2" lastBookmarkId="0"/>
    <open-files xmlns="http://www.netbeans.org/ns/projectui-open-files/2">
        <group>
            <file>file:/D:/Intellipaat/Core%20Java/CoursePrograms/Temp/CoreJavaProject/src/DBProperties</file>
            <file>file:/D:/Intellipaat/Core%20Java/CoursePrograms/Temp/CoreJavaProject/src/UserMenu.java</file>
            <file>file:/D:/Intellipaat/Core%20Java/CoursePrograms/Temp/CoreJavaProject/src/AddBookMenu.java</file>
            <file>file:/D:/Intellipaat/Core%20Java/CoursePrograms/Temp/CoreJavaProject/src/AddMemberMenu.java</file>
            <file>file:/D:/Intellipaat/Core%20Java/CoursePrograms/Temp/CoreJavaProject/src/LibFunctions.java</file>
        </group>
    </open-files>
</project-private>
